{"tx":0,"ty":44.925,"tz":-3.0999999999999828,"rx":1.5000000000000002,"ry":-3.6000000000000023,"rz":0}